id,bike_estoque_id,user_id,texto,created_at,updated_at
4e2dcffa-924b-46a8-9c55-3a2088e7edc2,d31a8b51-7501-48dd-96a7-92a5f4726797,fc215cb5-2f9c-4139-b4f2-518b003fa1c1,Essa bike podemos avaliar chegar no LUCRO FINAL mínimo de 8k,2026-05-12 23:52:29.29494+00,2026-05-12 23:52:29.29494+00
844427b4-b1a3-4638-95d7-227554a6cf98,34b52f3e-c273-4f6a-b7a5-1c45cc9f09b0,fc215cb5-2f9c-4139-b4f2-518b003fa1c1,R$ 45.000 nessa bike (PIX) é uma boa venda,2026-05-13 00:07:12.21251+00,2026-05-13 00:07:12.21251+00
ebae5846-2809-4ef2-af6d-e0fddb4cd410,34b52f3e-c273-4f6a-b7a5-1c45cc9f09b0,fc215cb5-2f9c-4139-b4f2-518b003fa1c1,R$ 42.000 é um minimo bom no PIX,2026-05-13 00:32:54.438384+00,2026-05-13 00:32:54.438384+00
afc10d72-24dd-46b1-a4b8-5ead8daabddb,d31a8b51-7501-48dd-96a7-92a5f4726797,fc215cb5-2f9c-4139-b4f2-518b003fa1c1,R$ 65k no PIX é uma boa venda,2026-05-13 00:35:33.478297+00,2026-05-13 00:35:33.478297+00
1c771db0-7ff4-49d0-910c-a6203d668e43,34b52f3e-c273-4f6a-b7a5-1c45cc9f09b0,d5b941b3-aa13-4916-af86-0774521710d4,"Um cara veio, gostou , queria trocar por uma MTB SPECIALIZED, mas o quadro estava trincado, por isso eu neguei",2026-05-14 16:02:54.039192+00,2026-05-14 16:02:54.039192+00
0e281a73-6203-4315-8893-24408dfe24ef,ac2abe1f-9457-4525-97ec-a36f3b89c7cb,d5b941b3-aa13-4916-af86-0774521710d4,No pix pode vender pelo preco minimo de 47k,2026-05-16 15:39:05.286316+00,2026-05-16 15:39:05.286316+00
f085d1ea-2ea9-4021-93db-bc147fefd97d,ac2abe1f-9457-4525-97ec-a36f3b89c7cb,d5b941b3-aa13-4916-af86-0774521710d4,Ideal seria 50k no pix,2026-05-16 16:14:40.673144+00,2026-05-16 16:14:40.673144+00
e0c70667-e198-4dde-94a7-3053a9744954,c4c187c4-d892-4b4b-863a-616e6c5758cf,d5b941b3-aa13-4916-af86-0774521710d4,podendo chegar no minimo no pix,2026-05-16 16:16:31.116189+00,2026-05-16 16:16:31.116189+00
5ec71826-0834-4d4a-a00e-020ebedb4ac9,dfd99179-f33f-4f69-bb7d-fa3bc6d8da75,d5b941b3-aa13-4916-af86-0774521710d4,Pode ir trabalhando ate zerar o custo dela,2026-05-16 16:48:39.268637+00,2026-05-16 16:48:39.268637+00
